{
    "title": "full_average20kaigoukei",
    "full": {
        "db100": {
            "5.2": {
                "50": {
                    "1": [
                        61.00519800186157,
                        62.5442111492157
                    ]
                }
            }
        },
        "db200": {
            "5.2": {
                "50": {
                    "1": [
                        88.17824077606201,
                        87.58866286277771
                    ]
                }
            }
        },
        "db300": {
            "5.2": {
                "50": {
                    "1": [
                        134.0171549320221,
                        140.32948923110962
                    ]
                }
            }
        },
        "db400": {
            "5.2": {
                "50": {
                    "1": [
                        163.16815948486328,
                        159.54238295555115
                    ]
                }
            }
        },
        "db500": {
            "5.2": {
                "50": {
                    "1": [
                        198.2395794391632,
                        184.92854046821594
                    ]
                }
            }
        }
    }
}