{
    "title": "add_full",
    "add_full": {
        "even": {
            "0": {
                "db300": {
                    "100": {
                        "1": {
                            "add": [
                                40.11737084388733,
                                40.318737268447876,
                                37.235687255859375,
                                37.31714129447937
                            ],
                            "full": [
                                231.3345398902893,
                                239.26814365386963,
                                246.32376408576965,
                                232.48189449310303
                            ]
                        }
                    },
                    "10": {
                        "1": {
                            "add": [
                                4.165175437927246
                            ],
                            "full": [
                                56.17645502090454
                            ]
                        }
                    }
                },
                "db100": {
                    "50": {
                        "1": {
                            "add": [
                                15.967084646224976,
                                14.578564167022705,
                                15.486136198043823
                            ],
                            "full": [
                                59.644269704818726,
                                57.47499704360962,
                                58.97695589065552
                            ]
                        }
                    }
                }
            },
            "0.2": {
                "db300": {
                    "100": {
                        "1": {
                            "add": [
                                144.6612524986267
                            ],
                            "full": [
                                805.3406500816345
                            ]
                        }
                    }
                },
                "db100": {
                    "50": {
                        "1": {
                            "add": [
                                31.209062814712524,
                                32.08120036125183,
                                32.7415771484375
                            ],
                            "full": [
                                155.2756278514862,
                                151.59285759925842,
                                156.93058800697327
                            ]
                        }
                    }
                }
            },
            "0.4": {
                "db100": {
                    "50": {
                        "1": {
                            "add": [
                                49.78271436691284,
                                47.01471281051636,
                                49.42193961143494
                            ],
                            "full": [
                                242.11712646484375,
                                241.09238982200623,
                                248.45770621299744
                            ]
                        }
                    }
                }
            },
            "0.6": {
                "db100": {
                    "50": {
                        "1": {
                            "add": [
                                62.7282497882843,
                                65.6854157447815,
                                66.78972125053406
                            ],
                            "full": [
                                331.36944818496704,
                                352.06299233436584,
                                351.3524389266968
                            ]
                        }
                    }
                }
            },
            "0.8": {
                "db100": {
                    "50": {
                        "1": {
                            "add": [
                                80.51383662223816,
                                83.9446792602539,
                                84.72586488723755
                            ],
                            "full": [
                                432.44144439697266,
                                432.2625288963318,
                                435.5059902667999
                            ]
                        }
                    }
                }
            },
            "1.0": {
                "db100": {
                    "50": {
                        "1": {
                            "add": [
                                97.62313055992126,
                                100.84869503974915,
                                101.00899076461792
                            ],
                            "full": [
                                537.2755491733551,
                                546.365797996521,
                                549.3534064292908
                            ]
                        }
                    }
                }
            }
        },
        "bias": {
            "0": {
                "db300": {
                    "10": {
                        "1": {
                            "add": [
                                4.418944835662842
                            ],
                            "full": [
                                36.91321039199829
                            ]
                        }
                    },
                    "100": {
                        "1": {
                            "add": [
                                38.19827103614807,
                                38.45098400115967
                            ],
                            "full": [
                                241.63645315170288,
                                228.92793226242065
                            ]
                        }
                    }
                },
                "db100": {
                    "50": {
                        "1": {
                            "add": [
                                15.540631294250488,
                                15.312598943710327,
                                15.723180770874023
                            ],
                            "full": [
                                59.61496162414551,
                                63.36400008201599,
                                64.06142997741699
                            ]
                        }
                    }
                }
            },
            "0.2": {
                "db300": {
                    "100": {
                        "1": {
                            "add": [
                                126.87966966629028
                            ],
                            "full": [
                                793.7407095432281
                            ]
                        }
                    }
                },
                "db100": {
                    "50": {
                        "1": {
                            "add": [
                                30.324090242385864,
                                29.534106016159058,
                                30.072699785232544
                            ],
                            "full": [
                                153.32782983779907,
                                152.8998589515686,
                                151.61725854873657
                            ]
                        }
                    }
                }
            },