{
    "title": "full_decryption",
    "full": {
        "3.2": {
            "10": {
                "1": [
                    5.964878132013837,
                    5.601626267001848,
                    5.560888813997735
                ],
                "2": [
                    5.5506273380015045,
                    5.511824927001726,
                    5.551632848000736
                ],
                "3": [
                    5.670571951006423,
                    5.506737169998814,
                    5.49398896600178
                ]
            },
            "20": {
                "1": [
                    11.524897770010284,
                    10.940294587999233,
                    11.26765016799618
                ],
                "2": [
                    11.203751572000328,
                    11.22184847900644,
                    11.39503506400797
                ],
                "3": [
                    11.387381559005007,
                    11.252357418998145,
                    11.090309922990855
                ]
            },
            "40": {
                "1": [
                    22.000758499998483,
                    21.962455700006103,
                    22.194628942001145
                ],
                "2": [
                    21.679230533001828,
                    22.238073710002936,
                    22.343468979001045
                ],
                "3": [
                    22.216689638997195,
                    22.43370322600822,
                    22.327592536006705
                ]
            },
            "60": {
                "1": [
                    33.11304332299915,
                    33.54087289200106,
                    33.766248328000074
                ],
                "2": [
                    32.73968845199852,
                    33.42021976599062,
                    33.72341058299935
                ],
                "3": [
                    32.30268766400695,
                    32.484788386005675,
                    33.541861973004416
                ]
            },
            "100": {
                "1": [
                    55.439439033012604,
                    54.94498659900273,
                    55.940605679003056
                ],
                "2": [
                    57.162418973995955,
                    56.538945447988226,
                    57.437073611989035
                ],
                "3": [
                    54.10379949200433,
                    54.203838083005394,
                    54.26201295599458
                ]
            }
        },
        "5.2": {
            "10": {
                "1": [
                    5.379939693011693,
                    5.542078953003511,
                    5.482470048998948
                ],
                "2": [
                    5.35920639699907,
                    5.444075450999662,
                    5.4852990670042345
                ],
                "3": [
                    5.323908838996431,
                    5.383429730994976,
                    5.49021281900059
                ]
            },
            "20": {
                "1": [
                    10.797831347997999,
                    10.624703755005612,
                    10.579898176001734
                ],
                "2": [
                    10.601120858991635,
                    11.66400593999424,
                    10.545602878002683
                ],
                "3": [
                    10.567504216000088,
                    10.61918847898778,
                    10.720714686991414
                ]
            },
            "40": {
                "1": [
                    21.32177929399768,
                    21.423587512996164,
                    21.519861152002704
                ],
                "2": [
                    21.487857743995846,
                    21.944455459000892,
                    22.330766442988534
                ],
                "3": [
                    21.923016007989645,
                    22.108277934006765,
                    22.52805084400461
                ]
            },
            "60": {
                "1": [
                    32.720215998997446,
                    33.24494862899883,
                    34.53235064299952
                ],
                "2": [
                    37.34399178098829,
                    32.66688807400351,
                    32.89904513700458
                ],
                "3": [
                    35.33521506001125,
                    32.48072573899117,
                    32.90719791701122
                ]
            },
            "100": {
                "1": [
                    57.80803769901104,
                    54.54794170499372,
                    54.95594483699824
                ],
                "2": [
                    63.0788292310026,
                    55.46873281800072,
                    55.25201354299497
                ],
                "3": [
                    59.10585098899901,
                    54.13231945699954,
                    55.634218516002875
                ]
            },
            "500": {
                "1": [
                    281.8544006347656
                ],
                "2": [
                    291.8045165538788
                ]
            },
            "600": {
                "1": [
                    342.12773847579956
                ],
                "2": [
                    349.6664559841156
                ]
            },
            "700": {
                "1": [
                    431.4753997325897
                ],
                "2": [
                    474.01515674591064
                ]
            },
            "800": {
                "1": [
                    521.5434129238129
                ],
                "2": [
                    543.9642853736877
                ]
            },
            "900": {
                "1": [
                    529.146481513977
                ]
            },
            "200": {
                "1": [
                    101.35062575340271,
                    98.93391823768616
                ]
            },
            "300": {
                "1": [
                    179.4441056251526,
                    175.51616263389587
                ]
            },
            "400": {
                "1": [
                    238.6046621799469,
                    243.38522100448608
                ]
            }
        },
        "7.2": {
            "10": {
                "1": [
                    5.951585975999478,
                    5.4483811230020365,
                    5.478316253007506
                ],
                "2": [
                    5.7127038600010565,
                    5.4002934909949545,
                    5.392540486995131
                ],
                "3": [
                    6.111592022993136,
                    5.3771289180003805,
                    5.316953973000636
                ]
            },
            "20": {
                "1": [
                    11.399162383997464,
                    10.922419854992768,
                    10.975681012001587
                ],
                "2": [
                    11.265794589999132,
                    10.955988144007279,
                    10.92504345800262
                ],
                "3": [
                    12.03989550699771,
                    10.828680323000299,
                    10.955222732998664
                ]
            },
            "40": {
                "1": [
                    23.345218372007366,
                    21.369917389005423,
                    21.393212032999145
                ],
                "2": [
                    23.340352972008986,
                    21.671028769997065,
                    22.172721634007758
                ],