{
    "title": "add_encryption",
    "add": {
        "3.2": {
            "10": {
                "1": [
                    3.176411938999081,
                    3.153961367002921,
                    3.153981498006033
                ],
                "2": [
                    3.177513987990096,
                    3.165247562006698,
                    3.1518911110033514
                ],
                "3": [
                    3.1852454420004506,
                    3.1568666680104798,
                    3.1498327300068922
                ]
            },
            "20": {
                "1": [
                    6.34127912898839,
                    6.303164072000072,
                    6.296292633996927
                ],
                "2": [
                    6.359142033994431,
                    6.315865835000295,
                    6.280812245007837
                ],
                "3": [
                    6.314972063002642,
                    6.367537049998646,
                    6.339480447000824
                ]
            },
            "40": {
                "1": [
                    12.600607147003757,
                    12.568130437997752,
                    12.604924023995409
                ],
                "2": [
                    12.637500098993769,
                    12.603156017998117,
                    12.593787203004467
                ],
                "3": [
                    12.612973932002205,
                    12.594907883001724,
                    12.593237135995878
                ]
            },
            "60": {
                "1": [
                    18.89809542900184,
                    18.860428073996445,
                    18.85394210999948
                ],
                "2": [
                    18.89313159500307,
                    18.87966078199679,
                    18.87685301300371
                ],
                "3": [
                    18.87852270399162,
                    18.8665573640028,
                    18.842330619008862
                ]
            },
            "100": {
                "1": [
                    31.478472859991598,
                    31.48140332600451,
                    31.45152092500939
                ],
                "2": [
                    31.437982837000163,
                    31.430624756991165,
                    31.406497479008976
                ],
                "3": [
                    31.632132339000236,
                    31.459109071991406,
                    31.39596374100074
                ]
            },
            "500": {
                "1": [
                    157.89315056800842,
                    156.74498057365417,
                    158.97906136512756
                ],
                "2": [
                    156.8566436767578,
                    157.75982403755188,
                    158.9457070827484
                ],
                "3": [
                    156.98875093460083,
                    156.76570057868958,
                    159.09089708328247
                ]
            }
        },
        "5.2": {
            "10": {
                "1": [
                    3.1809991900081513,
                    3.1676601899962407,
                    3.1658411620010156
                ],
                "2": [
                    3.164377344000968,
                    3.1490614189970074,
                    3.1507419400004437
                ],
                "3": [
                    3.2160842370067257,
                    3.1468848809890915,
                    3.160383385999012
                ]
            },
            "20": {
                "1": [
                    6.383101799001452,
                    6.308185607995256,
                    6.292705373998615
                ],
                "2": [
                    6.317361269000685,
                    6.3022427759860875,
                    6.302033108004252
                ],
                "3": [
                    6.312901358003728,
                    6.306209387999843,
                    6.303741493000416
                ]
            },
            "40": {
                "1": [
                    12.605323689000215,
                    12.574388377004652,
                    12.56975068799511
                ],
                "2": [
                    12.594483223001589,
                    12.587847542003146,
                    12.582282249000855
                ],
                "3": [
                    12.578159277996747,
                    12.56287565099774,
                    12.566349774991977
                ]
            },
            "60": {
                "1": [
                    18.93598578599631,
                    18.855623369003297,
                    18.86352847699891
                ],
                "2": [
                    18.905609231005656,
                    18.868896163010504,
                    18.879113350005355
                ],
                "3": [
                    18.890741478011478,
                    18.89871219500492,
                    18.88880318700103
                ]
            },
            "100": {
                "1": [
                    31.556761551997624,
                    31.44755944199278,
                    31.455950666990248
                ],
                "2": [
                    31.442490942994482,
                    31.430372168004396,
                    33.24886655699811
                ],
                "3": [
                    31.514519054006087,
                    32.51303932198789,
                    31.88721962699492
                ]
            },
            "500": {
                "1": [
                    156.84003567695618,
                    156.78396487236023,
                    159.12223601341248
                ],
                "2": [
                    157.57286953926086,
                    157.14088678359985,
                    159.55125188827515
                ],
                "3": [
                    156.97508668899536,
                    156.862863779068,
                    159.18113780021667
                ]
            },
            "1000": {
                "1": [
                    314.3662109375,
                    331.6393506526947
                ],
                "2": [
                    317.1174533367157,
                    327.15894889831543
                ]
            },
            "5000": {
                "1": [
                    46002.15853047371,
                    1603.102816581726
                ],
                "2": [
                    1621.5108127593994,
                    1585.6512565612793
                ]
            },
            "10000": {
                "1": [
                    3256.0293641090393,
                    3141.6433300971985
                ],
                "2": [
                    3183.10710811615,
                    3198.256937265396
                ]
            }
        },
        "7.2": {
            "10": {
                "1": [
                    3.159999408002477,
                    3.1597009830002207,
                    3.203022146000876
                ],
                "2": [
                    3.1773756350012263,
                    3.163471784995636,
                    3.1903718930116156
                ],
                "3": [
                    3.1908837459923234,
                    3.1712506789917825,
                    3.196041654999135
                ]
            },
            "20": {
                "1": [
                    6.3049780699948315,
                    6.311910789998365,
                    6.3598210210038815
                ],
                "2": [
                    6.306216055992991,
                    6.280222982997657,
                    6.370330299992929
                ],