{
    "title": "add_encryption",
    "add": {
        "3.2": {
            "50": {
                "1": [
                    16.076624073000858
                ],
                "2": [
                    15.758267573008197
                ],
                "3": [
                    15.906726009998238
                ],
                "4": [
                    15.778381307987729
                ],
                "5": [
                    15.97205019100511
                ]
            },
            "100": {
                "1": [
                    31.523452731998987
                ],
                "2": [
                    31.664360075999866
                ],
                "3": [
                    31.893109046999598
                ],
                "4": [
                    32.10497657999804
                ],
                "5": [
                    31.63729932899878
                ]
            }
        }
    }
}