{
    "title": "full_stdev20kaigoukei",
    "full": {
        "db100": {
            "5.2": {
                "50": {
                    "1": [
                        61.11047911643982,
                        62.955408334732056,
                        63.03186869621277,
                        62.90699648857117,
                        64.34172892570496
                    ]
                }
            }
        },
        "db200": {
            "5.2": {
                "50": {
                    "1": [
                        89.82853889465332,
                        84.47824764251709
                    ]
                }
            }
        },
        "db300": {
            "5.2": {
                "50": {
                    "1": [
                        109.80994439125061,
                        109.0556287765503,
                        109.3791196346283
                    ]
                },
                "10": {
                    "1": [
                        98.87117123603821,
                        100.12028670310974
                    ]
                },
                "30": {
                    "1": [
                        102.63136768341064,
                        102.90306305885315
                    ]
                },
                "70": {
                    "1": [
                        110.70507168769836,
                        110.65066432952881,
                        111.07216596603394
                    ]
                },
                "100": {
                    "1": [
                        119.19266486167908,
                        119.10370302200317
                    ]
                }
            },
            "3.2": {
                "50": {
                    "1": [
                        105.1176962852478,
                        105.15072512626648
                    ]
                }
            },
            "7.2": {
                "50": {
                    "1": [
                        106.51401495933533,
                        106.25995063781738
                    ]
                }
            },
            "9.2": {
                "50": {
                    "1": [
                        107.58758997917175,
                        109.19677972793579
                    ]
                }
            }
        },
        "db400": {
            "5.2": {
                "50": {
                    "1": [
                        130.39179372787476,
                        128.9737377166748,
                        128.78345942497253,
                        129.05522513389587
                    ]
                }
            }
        },
        "db500": {
            "5.2": {
                "50": {
                    "1": [
                        150.01248478889465,
                        150.23457789421082,
                        150.71350145339966
                    ]
                }
            }
        }
    }
}