{
    "title": "full_only",
    "full_only": {
        "even": {
            "0": {
                "db300": {
                    "10": {
                        "1": {
                            "full_1": [
                                89.21098756790161,
                                115.50645661354065,
                                111.1617021560669
                            ],
                            "full_2": [
                                88.20657968521118,
                                114.40351915359497,
                                109.98745441436768
                            ]
                        }
                    },
                    "100": {
                        "1": {
                            "full_1": [
                                867.7596726417542
                            ],
                            "full_2": [
                                866.7149806022644
                            ]
                        }
                    }
                },
                "db100": {
                    "50": {
                        "1": {
                            "full_1": [
                                62.12451148033142
                            ],
                            "full_2": [
                                50.27999758720398
                            ]
                        }
                    }
                }
            },
            "0.2": {
                "db100": {
                    "50": {
                        "1": {
                            "full_1": [
                                168.32741594314575
                            ],
                            "full_2": [
                                173.8353133201599
                            ]
                        }
                    }
                }
            },
            "1.0": {
                "db100": {
                    "50": {
                        "1": {
                            "full_1": [
                                544.634702205658
                            ],
                            "full_2": [
                                552.7513835430145
                            ]
                        }
                    }
                }
            },
            "0.4": {
                "db100": {
                    "50": {
                        "1": {
                            "full_1": [
                                256.00168776512146
                            ],
                            "full_2": [
                                263.7927508354187
                            ]
                        }
                    }
                }
            },
            "0.6": {
                "db100": {
                    "50": {
                        "1": {
                            "full_1": [
                                359.4325647354126
                            ],
                            "full_2": [
                                368.34449338912964
                            ]
                        }
                    }
                }
            },
            "0.8": {
                "db100": {
                    "50": {
                        "1": {
                            "full_1": [
                                437.1956715583801
                            ],
                            "full_2": [
                                445.4080505371094
                            ]
                        }
                    }
                }
            }
        },
        "bias": {
            "0": {
                "db300": {
                    "10": {
                        "1": {
                            "full_1": [
                                93.40367722511292,
                                89.26656460762024,
                                92.35191249847412
                            ],
                            "full_2": [
                                92.39378356933594,
                                88.13635635375977,
                                91.2722396850586
                            ]
                        }
                    },
                    "100": {
                        "1": {
                            "full_1": [
                                818.0967183113098,
                                936.4883434772491
                            ],
                            "full_2": [
                                817.1186902523041,
                                935.2660491466522
                            ]
                        }
                    }
                },
                "db100": {
                    "50": {
                        "1": {
                            "full_1": [
                                72.97774720191956
                            ],
                            "full_2": [
                                61.63453936576843
                            ]
                        }
                    }
                }
            },
            "0.2": {
                "db100": {
                    "50": {
                        "1": {
                            "full_1": [
                                152.93331480026245
                            ],
                            "full_2": [
                                160.79207015037537
                            ]
                        }
                    }
                }
            },
            "0.4": {
                "db100": {
                    "50": {
                        "1": {
                            "full_1": [
                                243.76665353775024
                            ],
                            "full_2": [
                                252.26478958129883
                            ]
                        }
                    }
                }
            },
            "0.6": {
                "db100": {
                    "50": {
                        "1": {
                            "full_1": [
                                353.9714198112488
                            ],
                            "full_2": [
                                362.84506607055664
                            ]
                        }
                    }
                }
            },
            "0.8": {
                "db100": {
                    "50": {
                        "1": {
                            "full_1": [
                                432.06278467178345
                            ],
                            "full_2": [
                                439.9590075016022
                            ]
                        }
                    }
                }
            },
            "1.0": {
                "db100": {
                    "50": {
                        "1": {
                            "full_1": [
                                578.1789157390594,
                                556.9365203380585
                            ],
                            "full_2": [
                                586.4916291236877,
                                564.9192500114441
                            ]
                        }
                    }
                }
            }
        }
    }
}