{
    "title": "add_decryption",
    "add": {
        "3.2": {
            "10": {
                "1": [
                    1.436720826997771,
                    1.4142571950069396,
                    1.4719767890055664
                ],
                "2": [
                    1.533728760012309,
                    1.4286985349899624,
                    1.4355613719963003
                ],
                "3": [
                    1.4475879039964639,
                    1.407106697006384,
                    1.5296344399976078
                ]
            },
            "20": {
                "1": [
                    2.9906165769934887,
                    2.844098221990862,
                    2.8808060659939656
                ],
                "2": [
                    3.0829155309911584,
                    2.8286140499985777,
                    2.926673378999112
                ],
                "3": [
                    2.9476896689884597,
                    2.8365388530073687,
                    2.9444853169989074
                ]
            },
            "40": {
                "1": [
                    5.983640382008161,
                    5.6542452900030185,
                    5.632360728995991
                ],
                "2": [
                    5.642813522994402,
                    5.623567715010722,
                    5.638157950001187
                ],
                "3": [
                    5.6532371240027715,
                    5.658759814003133,
                    5.651499990999582
                ]
            },
            "60": {
                "1": [
                    8.459781295998255,
                    8.464260699998704,
                    8.451933116011787
                ],
                "2": [
                    8.440968741997494,
                    8.466687705004006,
                    8.450183599998127
                ],
                "3": [
                    8.45638118199713,
                    8.44873061600083,
                    8.462910101996385
                ]
            },
            "100": {
                "1": [
                    14.082951124000829,
                    14.087276504011243,
                    14.101076614999329
                ],
                "2": [
                    14.076198084992939,
                    14.096202785993228,
                    14.080959217011696
                ],
                "3": [
                    14.074637597004767,
                    14.102591097005643,
                    14.100645810001879
                ]
            }
        },
        "5.2": {
            "10": {
                "1": [
                    1.4282610610098345,
                    1.416102398012299,
                    1.426154154993128
                ],
                "2": [
                    1.4109841710014734,
                    1.4076844600058394,
                    1.4232035080058267
                ],
                "3": [
                    1.4132720729976427,
                    1.4079021120123798,
                    1.4083957099937834
                ]
            },
            "20": {
                "1": [
                    2.828834490996087,
                    2.832663802008028,
                    2.822615868994035
                ],
                "2": [
                    2.8151574619987514,
                    2.8309349240007577,
                    2.8088107380026486
                ],
                "3": [
                    2.832648441006313,
                    2.8170351409935392,
                    2.8406267300015315
                ]
            },
            "40": {
                "1": [
                    5.636301113001537,
                    5.632989429999725,
                    5.6698710689961445
                ],
                "2": [
                    5.641741026993259,
                    5.650697801000206,
                    5.671098972001346
                ],
                "3": [
                    5.648506711004302,
                    5.64906804599741,
                    5.629224520002026
                ]
            },
            "60": {
                "1": [
                    8.448787290995824,
                    8.468875115999253,
                    8.460599095997168
                ],
                "2": [
                    8.449476590991253,
                    8.49241714400705,
                    8.452454958998715
                ],
                "3": [
                    8.464017991005676,
                    8.47133179299999,
                    8.459038262997638
                ]
            },
            "100": {
                "1": [
                    14.06570194500091,
                    14.060152282996569,
                    14.081729434998124
                ],
                "2": [
                    14.577099643996917,
                    14.083152257997426,
                    14.10024243099906
                ],
                "3": [
                    14.72087860899046,
                    14.103172033996088,
                    14.108741126998211
                ]
            },
            "500": {
                "1": [
                    70.41613602638245,
                    71.34274125099182
                ],
                "2": [
                    70.37880349159241,
                    71.56123518943787
                ]
            },
            "1000": {
                "1": [
                    140.7320694923401,
                    142.74638056755066
                ],
                "2": [
                    140.92203092575073,
                    142.8026523590088
                ]
            },
            "5000": {
                "1": [
                    703.3678567409515,
                    713.301337480545
                ],
                "2": [
                    712.1544687747955,
                    713.8626809120178
                ]
            },
            "10000": {
                "1": [
                    1436.4561343193054,
                    1426.042468070984
                ],
                "2": [
                    1427.6215550899506,
                    1426.709171295166
                ]
            }
        },
        "7.2": {
            "10": {
                "1": [
                    1.4210084229998756,
                    1.4134526070120046,
                    1.4176508269883925
                ],
                "2": [
                    1.4246302060055314,
                    1.4223070570005802,
                    1.4147271050023846
                ],
                "3": [
                    1.407491623001988,
                    1.4105448470072588,
                    1.4089084070001263
                ]
            },
            "20": {
                "1": [
                    2.8168497430015123,
                    2.8214516430016374,
                    2.8321598619950237
                ],
                "2": [
                    2.8143911469960585,
                    2.826073271993664,
                    2.8297474659921136
                ],
                "3": [
                    2.831221488013398,
                    2.8340068039979087,
                    2.8432555939943995
                ]
            },
            "40": {
                "1": [
                    5.639935894010705,
                    5.63921376199869,
                    5.6623550900112605
                ],
                "2": [
                    5.6744483780057635,
                    5.6433854829956545,
                    5.703340122010559
                ],
                "3": [
                    5.647257788994466,
                    5.638346899999306,
                    5.821555752001586
                ]
            },