{
    "title": "full_stdev20kaigoukei",
    "full": {
        "db100": {
            "5.2": {
                "50": {
                    "1": [
                        61.11047911643982,
                        62.955408334732056
                    ]
                }
            }
        },
        "db200": {
            "5.2": {
                "50": {
                    "1": [
                        89.82853889465332,
                        84.47824764251709
                    ]
                }
            }
        },
        "db300": {
            "5.2": {
                "50": {
                    "1": [
                        132.3809494972229,
                        128.20184016227722,
                        109.80994439125061,
                        109.0556287765503
                    ]
                },
                "10": {
                    "1": [
                        98.87117123603821,
                        100.12028670310974
                    ]
                },
                "30": {
                    "1": [
                        102.63136768341064,
                        102.90306305885315
                    ]
                },
                "70": {
                    "1": []
                },
                "100": {
                    "1": []
                }
            },
            "3.2": {
                "50": {
                    "1": [
                        127.32901906967163,
                        113.16317415237427
                    ]
                }
            },
            "7.2": {
                "50": {
                    "1": [
                        113.90853881835938,
                        114.39017939567566
                    ]
                }
            },
            "9.2": {
                "50": {
                    "1": [
                        114.07589840888977,
                        112.65310597419739
                    ]
                }
            }
        },
        "db400": {
            "5.2": {
                "50": {
                    "1": [
                        155.14102339744568,
                        154.53349590301514
                    ]
                }
            }
        },
        "db500": {
            "5.2": {
                "50": {
                    "1": [
                        346.8805320262909,
                        364.02803587913513
                    ]
                }
            }
        }
    }
}