{
    "title": "full_encryption",
    "full": {
        "3.2": {
            "10": {
                "1": [
                    5.882736437997664,
                    5.539754070006893,
                    5.551840016007191
                ],
                "2": [
                    6.110479221009882,
                    5.482309707003878,
                    5.497091302997433
                ],
                "3": [
                    5.80421055899933,
                    5.47007582099468,
                    5.408838353003375
                ]
            },
            "20": {
                "1": [
                    11.03876090500853,
                    11.145507206005277,
                    10.767802432004828
                ],
                "2": [
                    10.921770227010711,
                    10.74211993800418,
                    10.819713887991384
                ],
                "3": [
                    10.808100239999476,
                    10.784988758008694,
                    10.759108256010222
                ]
            },
            "40": {
                "1": [
                    21.5359477269958,
                    21.508343729001353,
                    21.597993071001838
                ],
                "2": [
                    21.682927981994,
                    21.59402277501067,
                    21.721807303998503
                ],
                "3": [
                    21.57993607800745,
                    21.677139764011372,
                    21.657286589004798
                ]
            },
            "60": {
                "1": [
                    32.18854270600423,
                    33.534007663009106,
                    32.260930406991974
                ],
                "2": [
                    32.17287415800092,
                    33.58597427100176,
                    32.306767414993374
                ],
                "3": [
                    32.172590823000064,
                    38.672458254004596,
                    32.57451888998912
                ]
            },
            "100": {
                "1": [
                    53.70950079799513,
                    56.76797834399622,
                    53.86583631699614
                ],
                "2": [
                    53.88252974700299,
                    53.946203608007636,
                    53.74323827099579
                ],
                "3": [
                    54.447139950993005,
                    54.254804912998225,
                    54.567843304001144
                ]
            },
            "500": {
                "1": [
                    275.25431728363037,
                    274.8443796634674,
                    274.74311327934265
                ],
                "2": [
                    276.013649225235,
                    274.04863715171814,
                    274.5954761505127
                ],
                "3": [
                    276.2235007286072,
                    274.3061270713806,
                    275.84654808044434
                ]
            },
            "300": {
                "1": [
                    177.314772605896
                ]
            }
        },
        "5.2": {
            "10": {
                "1": [
                    5.4598011409980245,
                    5.514847134996671,
                    5.472512523003388
                ],
                "2": [
                    5.42241443900275,
                    5.408957054998609,
                    5.417776062997291
                ],
                "3": [
                    5.380520557999262,
                    5.422596995995264,
                    5.405593030998716
                ]
            },
            "20": {
                "1": [
                    10.751638884001295,
                    11.67797913699178,
                    11.18531867999991
                ],
                "2": [
                    10.743883099989034,
                    10.757399185997201,
                    10.931070264996379
                ],
                "3": [
                    10.775325423004688,
                    10.834581265997258,
                    10.988188982999418
                ]
            },
            "40": {
                "1": [
                    22.026730777986813,
                    21.504936272991472,
                    21.512032557002385
                ],
                "2": [
                    21.71740078998846,
                    21.715926156990463,
                    21.51546142800362
                ],
                "3": [
                    21.691551889001857,
                    21.686932694006828,
                    21.605636941996636
                ]
            },
            "60": {
                "1": [
                    32.72489042599045,
                    33.67394892999437,
                    32.307166091995896
                ],
                "2": [
                    33.71916526299901,
                    32.35688002400275,
                    32.23718691300019
                ],
                "3": [
                    32.747626608994324,
                    32.84225532900018,
                    32.4264247379906
                ]
            },
            "100": {
                "1": [
                    55.71986993899918,
                    53.84147885799757,
                    54.78653035699972
                ],
                "2": [
                    55.30736366700148,
                    54.47447177700815,
                    54.21375641200575
                ],
                "3": [
                    53.81333595000615,
                    55.50355690899596,
                    53.979986345002544
                ]
            },
            "500": {
                "1": [
                    276.8310282230377,
                    275.0150349140167,
                    276.37746596336365
                ],
                "2": [
                    276.0728781223297,
                    274.51041865348816,
                    276.8412549495697
                ],
                "3": [
                    275.21313738822937,
                    275.4212009906769,
                    276.27326464653015
                ]
            },
            "750": {
                "1": [
                    407.85373878479004,
                    435.6861660480499
                ],
                "2": [
                    408.26737546920776,
                    430.6928172111511
                ]
            },
            "1000": {
                "1": [
                    544.9881844520569,
                    581.3796932697296
                ],
                "2": [
                    543.4747705459595,
                    560.5730030536652
                ]
            },
            "1500": {
                "1": [
                    833.7217497825623,
                    828.9870133399963
                ],
                "2": [
                    829.3341927528381,
                    856.3394453525543
                ]
            },
            "1600": {
                "1": [
                    874.1284275054932
                ],
                "2": [
                    873.4606549739838
                ]
            },
            "1700": {
                "1": [
                    990.3612880706787
                ],
                "2": [
                    992.6786162853241
                ]
            },
            "600": {
                "1": [
                    324.4823098182678,
                    327.0889678001404
                ],
                "2": [
                    326.49817395210266,
                    325.999351978302
                ]
            },
            "700": {
                "1": [
                    378.6551024913788,
                    379.8559000492096
                ],