{
    "title": "add_stdev20kaigoukei",
    "add": {
        "db100": {
            "5.2": {
                "50": {
                    "1": [
                        154.56729984283447,
                        152.65836930274963
                    ]
                }
            }
        },
        "db200": {
            "5.2": {
                "50": {
                    "1": [
                        152.1253366470337,
                        151.85706758499146
                    ]
                }
            }
        },
        "db300": {
            "5.2": {
                "50": {
                    "1": [
                        152.6214406490326,
                        151.89496660232544,
                        152.71961307525635,
                        151.6608681678772,
                        152.36771202087402,
                        152.72531723976135
                    ]
                },
                "10": {
                    "1": [
                        38.795756816864014,
                        38.74604058265686
                    ]
                },
                "30": {
                    "1": [
                        95.26618361473083,
                        95.23833084106445
                    ]
                },
                "70": {
                    "1": [
                        210.2465043067932,
                        208.3296799659729
                    ]
                },
                "100": {
                    "1": [
                        292.3195629119873,
                        292.70535254478455
                    ]
                }
            },
            "3.2": {
                "50": {
                    "1": [
                        157.32844042778015,
                        152.59357261657715
                    ]
                }
            },
            "7.2": {
                "50": {
                    "1": [
                        152.36260223388672,
                        152.24324917793274
                    ]
                }
            },
            "9.2": {
                "50": {
                    "1": [
                        151.81840109825134,
                        151.75302720069885
                    ]
                }
            }
        },
        "db400": {
            "5.2": {
                "50": {
                    "1": [
                        151.88202238082886,
                        151.79623341560364
                    ]
                }
            }
        },
        "db500": {
            "5.2": {
                "50": {
                    "1": [
                        152.04311561584473,
                        151.77374601364136
                    ]
                }
            }
        }
    }
}