{
    "title": "add_sum20kaigoukei",
    "add": {
        "db100": {
            "5.2": {
                "50": {
                    "1": [
                        10.991648435592651,
                        10.960853099822998,
                        10.965373039245605
                    ]
                }
            }
        },
        "db200": {
            "5.2": {
                "50": {
                    "1": [
                        11.563945055007935,
                        10.980495929718018,
                        10.969123363494873
                    ]
                }
            }
        },
        "db300": {
            "5.2": {
                "50": {
                    "1": [
                        11.709769487380981,
                        10.937345027923584,
                        10.937806129455566,
                        11.760102987289429,
                        11.26831841468811,
                        11.498337030410767,
                        10.979740858078003
                    ]
                },
                "10": {
                    "1": [
                        11.261133193969727,
                        11.255519390106201
                    ]
                },
                "30": {
                    "1": [
                        11.30660367012024,
                        11.383238554000854
                    ]
                },
                "70": {
                    "1": [
                        11.672066926956177,
                        11.143145322799683
                    ]
                },
                "100": {
                    "1": [
                        11.72809910774231,
                        11.3936288356781
                    ]
                }
            },
            "3.2": {
                "50": {
                    "1": [
                        11.39262866973877,
                        11.186421871185303
                    ]
                }
            },
            "7.2": {
                "50": {
                    "1": [
                        11.093024253845215,
                        11.031180381774902
                    ]
                }
            },
            "9.2": {
                "50": {
                    "1": [
                        11.124884605407715,
                        11.407909393310547
                    ]
                }
            }
        },
        "db400": {
            "5.2": {
                "50": {
                    "1": [
                        11.081959247589111,
                        11.043667078018188,
                        11.026110410690308
                    ]
                }
            }
        },
        "db500": {
            "5.2": {
                "50": {
                    "1": [
                        11.031476736068726,
                        11.011765480041504,
                        11.330333709716797
                    ]
                }
            }
        }
    }
}