{
    "title": "full_sum100kaigoukei-500database",
    "full": {
        "3.2": {
            "100": {
                "1": [
                    883.2640156745911
                ],
                "2": [
                    716.4603605270386
                ],
                "3": [
                    710.5440051555634
                ]
            }
        }
    }
}