{
    "title": "full_sum20kaigoukei",
    "full": {
        "db100": {
            "5.2": {
                "50": {
                    "1": [
                        60.849440574645996,
                        58.16025114059448,
                        59.863325119018555
                    ]
                }
            }
        },
        "db200": {
            "5.2": {
                "50": {
                    "1": [
                        83.88930702209473,
                        83.8453516960144,
                        85.77858543395996
                    ]
                }
            }
        },
        "db300": {
            "5.2": {
                "50": {
                    "1": [
                        129.94551920890808,
                        136.5913701057434,
                        133.00341176986694,
                        112.48619651794434,
                        125.31208968162537,
                        70.61101031303406,
                        70.7599766254425
                    ]
                },
                "10": {
                    "1": [
                        119.8691816329956,
                        67.12232637405396,
                        98.13000869750977
                    ]
                },
                "30": {
                    "1": [
                        69.9567220211029,
                        69.43266916275024
                    ]
                },
                "70": {
                    "1": [
                        70.93899297714233,
                        70.03830885887146
                    ]
                },
                "100": {
                    "1": [
                        73.91792964935303,
                        73.26785445213318
                    ]
                }
            },
            "3.2": {
                "50": {
                    "1": [
                        113.43242025375366,
                        132.1532120704651
                    ]
                }
            },
            "7.2": {
                "50": {
                    "1": [
                        131.3280794620514,
                        117.75682592391968
                    ]
                }
            },
            "9.2": {
                "50": {
                    "1": [
                        136.12778759002686,
                        127.51460075378418
                    ]
                }
            }
        },
        "db400": {
            "5.2": {
                "50": {
                    "1": [
                        159.3832561969757,
                        154.98484635353088,
                        158.1199963092804
                    ]
                }
            }
        },
        "db500": {
            "5.2": {
                "50": {
                    "1": [
                        194.78076338768005,
                        201.7899055480957,
                        198.8586037158966
                    ]
                }
            }
        }
    }
}