{
    "title": "full_sum20kaigoukei",
    "full": {
        "db100": {
            "5.2": {
                "50": {
                    "1": [
                        58.7333722114563,
                        54.3351035118103
                    ]
                }
            }
        },
        "db200": {
            "5.2": {
                "50": {
                    "1": [
                        76.44361615180969,
                        75.65341663360596
                    ]
                }
            }
        },
        "db300": {
            "5.2": {
                "50": {
                    "1": [
                        98.52278971672058,
                        98.88673138618469,
                        100.31312894821167,
                        98.96184659004211
                    ]
                },
                "10": {
                    "1": [
                        98.13000869750977,
                        97.81395030021667
                    ]
                },
                "30": {
                    "1": [
                        97.62586712837219,
                        103.7228524684906
                    ]
                },
                "70": {
                    "1": [
                        98.22358179092407,
                        100.65619277954102
                    ]
                },
                "100": {
                    "1": [
                        102.13072562217712,
                        100.81797695159912
                    ]
                }
            },
            "3.2": {
                "50": {
                    "1": [
                        98.32647967338562,
                        97.41772866249084,
                        97.51249575614929
                    ]
                }
            },
            "7.2": {
                "50": {
                    "1": [
                        99.12710237503052,
                        99.00166893005371,
                        98.87057971954346
                    ]
                }
            },
            "9.2": {
                "50": {
                    "1": [
                        98.90236449241638,
                        98.94623947143555
                    ]
                }
            }
        },
        "db400": {
            "5.2": {
                "50": {
                    "1": [
                        121.70331954956055,
                        121.30636286735535
                    ]
                }
            }
        },
        "db500": {
            "5.2": {
                "50": {
                    "1": [
                        141.03595352172852,
                        141.20689702033997
                    ]
                }
            }
        }
    }
}