{
    "title": "add_average20kaigoukei",
    "add": {
        "db100": {
            "5.2": {
                "50": {
                    "1": [
                        15.282844543457031,
                        14.518296957015991
                    ]
                }
            }
        },
        "db200": {
            "5.2": {
                "50": {
                    "1": [
                        14.510713815689087,
                        14.601666450500488
                    ]
                }
            }
        },
        "db300": {
            "5.2": {
                "50": {
                    "1": [
                        14.536291599273682,
                        14.41232180595398
                    ]
                }
            }
        },
        "db400": {
            "5.2": {
                "50": {
                    "1": [
                        14.483079195022583,
                        14.937909603118896
                    ]
                }
            }
        },
        "db500": {
            "5.2": {
                "50": {
                    "1": [
                        14.521841526031494,
                        14.947776317596436
                    ]
                }
            }
        }
    }
}